{
  "@athen:data": {
    "watcherHelper.hud_-25818412.x": 20.0,
    "watcherHelper.hud_-25818412.y": 20.0,
    "watcherHelper.hud_-25818412.scale": 1.0,
    "dungeonCarryTracker.hud_101602199.x": 20.0,
    "dungeonCarryTracker.hud_101602199.y": 20.0,
    "dungeonCarryTracker.hud_101602199.scale": 1.0,
    "lagDetector.hud_-888386540.x": 20.0,
    "lagDetector.hud_-888386540.y": 20.0,
    "lagDetector.hud_-888386540.scale": 1.0,
    "buildInfo.hud_1464549184.x": 454.75906,
    "buildInfo.hud_1464549184.y": 150.95688,
    "buildInfo.hud_1464549184.scale": 1.0,
    "freshTools.hud_1662738867.x": 207.62044,
    "freshTools.hud_1662738867.y": 97.311905,
    "freshTools.hud_1662738867.scale": 1.0,
    "kuudraInfo.hud_-934884704.x": 444.11676,
    "kuudraInfo.hud_-934884704.y": 49.978077,
    "kuudraInfo.hud_-934884704.scale": 1.2,
    "kuudraSplits.hud_-1865801637.x": 20.0,
    "kuudraSplits.hud_-1865801637.y": 20.0,
    "kuudraSplits.hud_-1865801637.scale": 1.0,
    "kuudraCarryTracker.hud_-798338555.x": 20.0,
    "kuudraCarryTracker.hud_-798338555.y": 20.0,
    "kuudraCarryTracker.hud_-798338555.scale": 1.0,
    "itemNamePosition.hud_-195558568.x": 20.0,
    "itemNamePosition.hud_-195558568.y": 20.0,
    "itemNamePosition.hud_-195558568.scale": 1.0,
    "slayerDisplay.hud_-914344871.x": 20.0,
    "slayerDisplay.hud_-914344871.y": 20.0,
    "slayerDisplay.hud_-914344871.scale": 1.0,
    "slayerStats.hud_-411985375.x": 20.0,
    "slayerStats.hud_-411985375.y": 20.0,
    "slayerStats.hud_-411985375.scale": 1.0,
    "vengeanceTimer.hud_994157420.x": 20.0,
    "vengeanceTimer.hud_994157420.y": 20.0,
    "vengeanceTimer.hud_994157420.scale": 1.0,
    "slayerCarryTracker.hud_-1741755685.x": 20.0,
    "slayerCarryTracker.hud_-1741755685.y": 20.0,
    "slayerCarryTracker.hud_-1741755685.scale": 1.0,
    "kuudraTitles.hud_-337642164.x": 48.77372,
    "kuudraTitles.hud_-337642164.y": 78.77283,
    "kuudraTitles.hud_-337642164.scale": 1.0,
    "cocoonAlert.hud_1467592636.x": 20.0,
    "cocoonAlert.hud_1467592636.y": 20.0,
    "cocoonAlert.hud_1467592636.scale": 1.0,
    "dungeonCarryTracker.hud_-697359433.x": 20.0,
    "dungeonCarryTracker.hud_-697359433.y": 20.0,
    "dungeonCarryTracker.hud_-697359433.scale": 1.0,
    "commissionDisplay.hud_165008045.x": 20.0,
    "commissionDisplay.hud_165008045.y": 20.0,
    "commissionDisplay.hud_165008045.scale": 1.0,
    "kuudraCarryTracker.hud_-1597300187.x": 20.0,
    "kuudraCarryTracker.hud_-1597300187.y": 20.0,
    "kuudraCarryTracker.hud_-1597300187.scale": 1.0,
    "slayerCarryTracker.hud_1754249979.x": 20.0,
    "slayerCarryTracker.hud_1754249979.y": 20.0,
    "slayerCarryTracker.hud_1754249979.scale": 1.0,
    "kuudraTimers.hud_-955881265.x": 624.6423,
    "kuudraTimers.hud_-955881265.y": 68.91161,
    "kuudraTimers.hud_-955881265.scale": 1.0,
    "kuudraTimers.hud_1663175477.x": 628.18976,
    "kuudraTimers.hud_1663175477.y": 88.63404,
    "kuudraTimers.hud_1663175477.scale": 1.0
  }
}