{
  "@skyblockapi:version": 0,
  "@skyblockapi:data": {
    "2715e991-1b1b-46d4-9757-7c78a9356f5c": {
      "Cucumber": {
        "exp": {
          "COMBAT": 3.670754E8,
          "FORAGING": 7.4172424E7,
          "HUNTING": 3069790.0,
          "FARMING": 1.341027E8,
          "ENCHANTING": 2.0256214E8,
          "FISHING": 8.6696936E7,
          "CARPENTRY": 1.0864303E8
        }
      }
    }
  }
}